{
  "train_accuracy": 0.66575,
  "test_accuracy": 0.644,
  "precision": 0.6484184914841841,
  "recall": 0.8883333333333319,
  "f1_score": 0.749648382559286,
  "auc_roc": 0.5924666666666641,
  "train_log_likelihood": -2591.8733958817947,
  "test_log_likelihood": -657.1889065397482,
  "train_cost": 0.6479683489704486,
  "test_cost": 0.6571889065397483,
  "cv_mean": 0.663,
  "cv_std": 0.005841660722773985,
  "confusion_matrix": [
    [
      111,
      289
    ],
    [
      67,
      533
    ]
  ],
  "train_cost_history": [
    0.6931471805599452,
    0.6920473289424433,
    0.6909740454109223,
    0.6899266851566768,
    0.6889046175533576,
    0.6879072259766255,
    0.6869339076163502,
    0.6859840732821856,
    0.6850571472032988,
    0.6841525668229969,
    0.683269782588952,
    0.6824082577396823,
    0.6815674680879114,
    0.6807469018013904,
    0.6799460591817261,
    0.6791644524417283,
    0.6784016054817505,
    0.6776570536654688,
    0.6769303435955117,
    0.676221032889318,
    0.675528689955579,
    0.6748528937715906,
    0.6741932336618062,
    0.673549309077874,
    0.6729207293804006,
    0.6723071136226696,
    0.6717080903365232,
    0.6711232973205901,
    0.6705523814310268,
    0.6699949983749219,
    0.6694508125064942,
    0.6689194966262032,
    0.6684007317828713,
    0.6678942070789077,
    0.6673996194787083,
    0.6669166736202942,
    0.6664450816302433,
    0.6659845629419544,
    0.6655348441172783,
    0.6650956586715354,
    0.6646667469019434,
    0.6642478557194519,
    0.6638387384839955,
    0.6634391548431523,
    0.6630488705742006,
    0.6626676574295565,
    0.6622952929855724,
    0.6619315604946672,
    0.6615762487407635,
    0.6612291518979956,
    0.6608900693926535,
    0.6605588057683227,
    0.6602351705541806,
    0.6599189781364032,
    0.6596100476326383,
    0.6593082027694976,
    0.6590132717630169,
    0.6587250872020394,
    0.6584434859344642,
    0.6581683089563163,
    0.657899401303577,
    0.6576366119467295,
    0.6573797936879622,
    0.6571288030609762,
    0.6568835002333461,
    0.6566437489113778,
    0.6564094162474118,
    0.6561803727495171,
    0.6559564921935261,
    0.6557376515373515,
    0.6555237308375429,
    0.655314613168022,
    0.6551101845409506,
    0.654910333829682,
    0.6547149526937405,
    0.6545239355057869,
    0.6543371792805174,
    0.6541545836054482,
    0.653976050573543,
    0.6538014847176321,
    0.6536307929465827,
    0.6534638844831732,
    0.6533006708036285,
    0.653141065578776,
    0.6529849846167772,
    0.6528323458073954,
    0.6526830690677605,
    0.652537076289591,
    0.6523942912878343,
    0.6522546397506882,
    0.652118049190967,
    0.6519844488987778,
    0.6518537698954685,
    0.651725944888819,
    0.6516009082294348,
    0.6514785958683187,
    0.6513589453155824,
    0.6512418956002703,
    0.651127387231265,
    0.6510153621592443,
    0.6509057637396612,
    0.6507985366967209,
    0.6506936270883233,
    0.6505909822719497,
    0.6504905508714641,
    0.6503922827448058,
    0.6502961289525476,
    0.650202041727297,
    0.6501099744439179,
    0.6500198815905464,
    0.6499317187403829,
    0.6498454425242389,
    0.6497610106038141,
    0.649678381645687,
    0.6495975152959992,
    0.6495183721558115,
    0.6494409137571165,
    0.6493651025394876,
    0.6492909018273483,
    0.649218275807841,
    0.6491471895092861,
    0.6490776087802058,
    0.6490095002689051,
    0.6489428314035897,
    0.6488775703730072,
    0.6488136861075999,
    0.6487511482611497,
    0.6486899271929066,
    0.6486299939501851,
    0.6485713202514154,
    0.6485138784696381,
    0.6484576416164307,
    0.6484025833262499,
    0.6483486778411848,
    0.6482958999961048,
    0.6482442252041927,
    0.648193629442853,
    0.6481440892399857,
    0.6480955816606131,
    0.6480480842938534,
    0.6480015752402286,
    0.6479560330992998,
    0.6479114369576193,
    0.6478677663769926,
    0.6478250013830401,
    0.6477831224540529,
    0.64774211051013,
    0.6477019469025965,
    0.647662613403688,
    0.647624092196498,
    0.6475863658651815,
    0.6475494173854051,
    0.6475132301150404,
    0.6474777877850906,
    0.6474430744908477,
    0.6474090746832709,
    0.6473757731605829,
    0.6473431550600759,
    0.6473112058501244,
    0.6472799113223965,
    0.6472492575842607,
    0.647219231051381,
    0.6471898184404982,
    0.6471610067623885,
    0.6471327833149985,
    0.6471051356767498,
    0.6470780517000091,
    0.6470515195047194,
    0.64702552747219,
    0.6470000642390363,
    0.6469751186912717,
    0.6469506799585428,
    0.6469267374085068,
    0.6469032806413447,
    0.646880299484412,
    0.6468577839870158,
    0.6468357244153222,
    0.6468141112473867,
    0.6467929351683043,
    0.6467721870654777,
    0.646751858024001,
    0.6467319393221547,
    0.6467124224270066,
    0.6466932989901235,
    0.6466745608433822,
    0.6466561999948826,
    0.6466382086249589,
    0.6466205790822861,
    0.6466033038800789,
    0.646586375692383,
    0.6465697873504527,
    0.6465535318392165,
    0.6465376022938258,
    0.6465219919962855,
    0.6465066943721643,
    0.6464917029873846,
    0.6464770115450839,
    0.6464626138825557,
    0.6464485039682586,
    0.6464346758988969,
    0.64642112389657,
    0.6464078423059881,
    0.6463948255917535,
    0.6463820683357052,
    0.6463695652343262,
    0.6463573110962095,
    0.6463453008395856,
    0.6463335294899045,
    0.6463219921774771,
    0.646310684135168,
    0.6462996006961441,
    0.6462887372916746,
    0.6462780894489805,
    0.6462676527891361,
    0.6462574230250161,
    0.6462473959592921,
    0.6462375674824739,
    0.6462279335709954,
    0.6462184902853457,
    0.6462092337682415,
    0.6462001602428421,
    0.6461912660110045,
    0.6461825474515787,
    0.6461740010187413,
    0.6461656232403675,
    0.6461574107164391,
    0.6461493601174898,
    0.6461414681830848,
    0.646133731720334,
    0.6461261476024411
  ],