{
  "train_accuracy": 0.73,
  "test_accuracy": 0.658,
  "precision": 0.6420704845814971,
  "recall": 0.971666666666665,
  "f1_score": 0.7732095490711379,
  "auc_roc": 0.6147083333333307,
  "train_log_likelihood": -1355.2763802343266,
  "test_log_likelihood": -302.0252056849966,
  "train_cost": 0.5084708897811311,
  "test_cost": 0.7481581591378292,
  "cv_mean": 0.6527469573540312,
  "cv_std": 0.010929741622937115,
  "feature_importance": [
    0.0,
    0.05,
    0.21666666666666667,
    0.7166666666666667,
    0.016666666666666666,
    0.0
  ],
  "confusion_matrix": [
    [
      75,
      325
    ],
    [
      17,
      583
    ]
  ]
}