{
  "fpr": [
    0.0,
    0.0,
    0.0,
    0.005,
    0.0225,
    0.055,
    0.105,
    0.155,
    0.2025,
    0.245,
    0.2825,
    0.3325,
    0.3875,
    0.4275,
    0.475,
    0.52,
    0.5575,
    0.5975,
    0.62,
    0.6525,
    0.67,
    0.69,
    0.7,
    0.7075,
    0.7225,
    0.745,
    0.7575,
    0.765,
    0.775,
    0.78,
    0.7925,
    0.8,
    0.815,
    0.83,
    0.8325,
    0.84,
    0.85,
    0.8575,
    0.87,
    0.885,
    0.89,
    0.9,
    0.91,
    0.9175,
    0.935,
    0.9475,
    0.9575,
    0.965,
    0.9725,
    0.985,
    0.995,
    0.9975,
    1.0
  ],
  "tpr": [
    0.0,
    0.0016666666666666668,
    0.005,
    0.015,
    0.035,
    0.07333333333333333,
    0.11,
    0.17333333333333334,
    0.24833333333333332,
    0.31833333333333336,
    0.39666666666666667,
    0.4583333333333333,
    0.52,
    0.58,
    0.6366666666666667,
    0.705,
    0.7483333333333333,
    0.7766666666666666,
    0.805,
    0.8366666666666667,
    0.865,
    0.8783333333333333,
    0.8966666666666666,
    0.9133333333333333,
    0.92,
    0.925,
    0.9266666666666666,
    0.94,
    0.945,
    0.9533333333333334,
    0.9616666666666667,
    0.9666666666666667,
    0.9716666666666667,
    0.9783333333333334,
    0.9816666666666667,
    0.985,
    0.9883333333333333,
    0.99,
    0.9933333333333333,
    0.9933333333333333,
    0.9966666666666667,
    0.9966666666666667,
    0.9983333333333333,
    0.9983333333333333,
    0.9983333333333333,
    1.0,
    1.0,
    1.0,
    1.0,
    1.0,
    1.0,
    1.0,
    1.0
  ],
  "thresholds": [
    Infinity,
    1.0,
    0.9833333333333333,
    0.9666666666666667,
    0.95,
    0.9333333333333333,
    0.9166666666666666,
    0.9,
    0.8833333333333333,
    0.8666666666666667,
    0.85,
    0.8333333333333334,
    0.8166666666666667,
    0.8,
    0.7833333333333333,
    0.7666666666666667,
    0.75,
    0.7333333333333333,
    0.7166666666666667,
    0.7,
    0.6833333333333333,
    0.6666666666666666,
    0.65,
    0.6333333333333333,
    0.6166666666666667,
    0.6,
    0.5833333333333334,
    0.5666666666666667,
    0.55,
    0.5333333333333333,
    0.5166666666666667,
    0.5,
    0.48333333333333334,
    0.4666666666666667,
    0.45,
    0.43333333333333335,
    0.4166666666666667,
    0.4,
    0.38333333333333336,
    0.36666666666666664,
    0.35,
    0.3333333333333333,
    0.31666666666666665,
    0.3,
    0.2833333333333333,
    0.26666666666666666,
    0.25,
    0.23333333333333334,
    0.21666666666666667,
    0.18333333333333332,
    0.13333333333333333,
    0.11666666666666667,
    0.08333333333333333
  ]
}