{
  "fpr": [
    0.0,
    0.0,
    0.805
  ],
  "tpr": [
    0.0,
    0.0016666666666666668,
    0.9183333333333333
  ],
  "thresholds": [
    Infinity,
    1.0,
    0.0
  ]
}