{
  "train_r2": 0.04964364670623167,
  "test_r2": 0.029515024340428853,
  "mae": 0.46344934797255766,
  "mse": 0.23291639415829807,
  "rmse": 0.482614125527111,
  "evs": 0.02997559955391349,
  "train_log_likelihood": -2719.685539346636,
  "test_log_likelihood": -690.4007329556822,
  "train_cost": 0.22808552479050467,
  "test_cost": 0.23291639415829807,
  "cv_mean": 0.046857070129275646,
  "cv_std": 0.008816067376905663,
  "importance": [
    0.01876625308356412,
    0.02173822691885338,
    0.04231655035731467,
    0.09565610973352319,
    0.009624156662076746,
    0.0011726226864827048
  ],
  "intercept": 0.5865492930064552,
  "train_cost_history": [
    0.6025,
    0.5314650146004043,
    0.47388149382306904,
    0.42720106220713716,
    0.3893583447662285,
    0.3586793837226027,
    0.3338074277934618,
    0.31364279728766686,
    0.2972941541283666,
    0.2840390129157585,
    0.27329173986556105,
    0.2645776191923114,
    0.25751183606620104,
    0.25178244365673924,
    0.24713655870518403,
    0.24336917341297004,
    0.24031408757227687,
    0.2378365589630873,
    0.23582734628303922,
    0.23419788065185063,
    0.23287635178708704,
    0.23180453550712188,
    0.23093522208248893,
    0.23023013158846442,
    0.22965822399249042,
    0.22919432919827895,
    0.22881803644054094,
    0.22851279390931772,
    0.22826517879055275,
    0.228064305452784,
    0.22790134562328176,
    0.22776913935172588,
    0.22766187957531017,
    0.22757485635399896,
    0.22750424948279396,
    0.2274469603262052,
    0.2274004754533808,
    0.22736275605730477,
    0.2273321482803412,
    0.22730731049159178,
    0.22728715430991747,
    0.2272707967731611,
    0.22725752154593692,
    0.22724674745708598,
    0.22723800298115407,
    0.22723090554033298,
    0.22722514471579244,
    0.22722046862961165,
    0.22721667289820802,
    0.22721359167142324,
    0.22721109036326573,
    0.22720905975477929,
    0.2272074112098936,
    0.2272060727940832,
    0.22720498612536988,
    0.22720410381940936,
    0.22720338741651802,
    0.227202805699678,
    0.22720233332973508,
    0.22720194973793814,
    0.22720163822726738,
    0.22720138524316538,
    0.22720117978171792,
    0.2272010129093637,
    0.2272008773731013,
    0.22720076728413183,
    0.2272006778610931,
    0.2272006052216537,
    0.2272005462133521,
    0.22720049827628672,
    0.2272004593316551,
    0.22720042769127374,
    0.22720040198412544,
    0.22720038109672905,
    0.22720036412472788,
    0.22720035033358468,
    0.22720033912666956,
    0.227200330019349,
    0.2272003226179466,
    0.22720031660265888,
    0.227200311713683,
    0.22720030773995037,
    0.22720030450997836,
    0.22720030188444
  ],
  "val_cost_history": [
    0.5200794802888652,
    0.4635785811733898,
    0.41793940409113445,
    0.38108997904827874,
    0.35135209362623143,
    0.3273665944819831,
    0.3080328495418206,
    0.2924596869003348,
    0.27992563520525526,
    0.2698467026133741,
    0.26175026553915687,
    0.25525390920993174,
    0.25004828150180186,
    0.24588319939203707,
    0.2425563915138322,
    0.239904377129238,
    0.23779507652494453,
    0.23612182458045614,
    0.23479852146024843,
    0.23375570479706817,
    0.2329373685963887,
    0.23229838721247667,
    0.2318024295917037,
    0.23142027073771718,
    0.23112842498956135,
    0.2309080399988811,
    0.2307440018789988,
    0.23062421139002115,
    0.23053899863608807,
    0.23048064992050216,
    0.23044302540499143,
    0.23042125027223218,
    0.23041146537549043,
    0.2304106260213478,
    0.2304163396889001,
    0.23042673523715998,
    0.2304403575691626,
    0.23045608286927696,
    0.2304730504603969,
    0.23049060808129426,
    0.23050826799492882,
    0.2305256718330462,
    0.23054256248293906,
    0.23055876164662678,
    0.23057415196536232,
    0.23058866281501816,
    0.23060225905002113,
    0.23061493211279746,
    0.23062669303838348,
    0.23063756697501078,
    0.23064758891518117,
    0.23065680039132694,
    0.2306652469382915,
    0.23067297616374788,
    0.23068003629905987,
    0.2306864751284143,
    0.23069233921447285,
    0.23069767335524471,
    0.23070252022012633,
    0.23070692012371105,
    0.2307109109045328,
    0.23071452788277935,
    0.23071780387652083,
    0.2307207692604062,
    0.23072345205430486,
    0.23072587803217848,
    0.23072807084370275,
    0.23073005214293524,
    0.230731841719724,
    0.23073345763066228,
    0.23073491632726054,
    0.23073623277968516,
    0.23073742059494207,
    0.23073849212878675,
    0.2307394585909546,
    0.2307403301435389,
    0.2307411159925183,
    0.23074182447256375,
    0.23074246312534513,
    0.2307430387716208,
    0.23074355757743262,
    0.23074402511475348,
    0.23074444641694364,
    0.23074482602937493
  ]
}